Date Column,Crop Name,Min Price,Max Price
3/31/2026,Capsicum,100,150
3/30/2026,Capsicum,190,250
3/29/2026,Capsicum,80,140
3/28/2026,Capsicum,100,120
3/27/2026,Capsicum,80,130
3/26/2026,Capsicum,80,120
3/25/2026,Capsicum,100,150
3/24/2026,Capsicum,90,150
3/23/2026,Capsicum,100,150
3/22/2026,Capsicum,100,150
3/21/2026,Capsicum,130,180
3/20/2026,Capsicum,230,260
3/19/2026,Capsicum,150,250
3/18/2026,Capsicum,200,280
3/17/2026,Capsicum,180,280
3/16/2026,Capsicum,200,250
3/15/2026,Capsicum,230,250
3/14/2026,Capsicum,200,280
3/13/2026,Capsicum,250,280
3/12/2026,Capsicum,240,250
3/11/2026,Capsicum,210,230
3/10/2026,Capsicum,210,230
3/9/2026,Capsicum,200,250
3/8/2026,Capsicum,200,240
3/7/2026,Capsicum,200,210
3/6/2026,Capsicum,150,250
3/5/2026,Capsicum,200,300
3/4/2026,Capsicum,250,300
3/3/2026,Capsicum,260,280
3/2/2026,Capsicum,250,300
3/1/2026,Capsicum,200,250
2/28/2026,Capsicum,250,300
2/27/2026,Capsicum,250,350
2/26/2026,Capsicum,200,350
2/25/2026,Capsicum,250,300
2/24/2026,Capsicum,280,400
2/23/2026,Capsicum,350,400
2/22/2026,Capsicum,250,450
2/21/2026,Capsicum,350,400
2/20/2026,Capsicum,350,420
2/19/2026,Capsicum,400,450
2/18/2026,Capsicum,450,500
2/17/2026,Capsicum,400,450
2/16/2026,Capsicum,450,500
2/15/2026,Capsicum,550,600
2/14/2026,Capsicum,450,500
2/13/2026,Capsicum,400,430
2/12/2026,Capsicum,450,500
2/11/2026,Capsicum,450,500
2/10/2026,Capsicum,500,550
2/9/2026,Capsicum,450,600
2/8/2026,Capsicum,550,600
2/7/2026,Capsicum,500,550
2/6/2026,Capsicum,500,600
2/5/2026,Capsicum,650,700
2/4/2026,Capsicum,650,750
2/3/2026,Capsicum,700,800
2/2/2026,Capsicum,800,850
2/1/2026,Capsicum,,
1/31/2026,Capsicum,,
1/30/2026,Capsicum,750,800
1/29/2026,Capsicum,700,850
1/28/2026,Capsicum,750,800
1/27/2026,Capsicum,750,850
1/26/2026,Capsicum,700,800
1/25/2026,Capsicum,450,500
1/24/2026,Capsicum,600,650
1/23/2026,Capsicum,650,700
1/22/2026,Capsicum,550,600
1/21/2026,Capsicum,500,550
1/20/2026,Capsicum,600,700
1/19/2026,Capsicum,600,700
1/18/2026,Capsicum,740,750
1/17/2026,Capsicum,600,650
1/16/2026,Capsicum,500,550
1/15/2026,Capsicum,400,500
1/14/2026,Capsicum,550,650
1/13/2026,Capsicum,500,650
1/12/2026,Capsicum,500,600
1/11/2026,Capsicum,550,650
1/10/2026,Capsicum,550,650
1/9/2026,Capsicum,600,700
1/8/2026,Capsicum,600,700
1/7/2026,Capsicum,790,800
1/6/2026,Capsicum,700,800
1/5/2026,Capsicum,600,700
1/4/2026,Capsicum,800,1000
1/3/2026,Capsicum,,
1/2/2026,Capsicum,1000,1200
1/1/2026,Capsicum,1100,1300
12/31/2025,Capsicum,1200,1600
12/30/2025,Capsicum,1200,1500
12/29/2025,Capsicum,900,1500
12/28/2025,Capsicum,1200,1600
12/27/2025,Capsicum,1400,1600
12/26/2025,Capsicum,1400,1500
12/25/2025,Capsicum,1300,1500
12/24/2025,Capsicum,1200,1300
12/23/2025,Capsicum,1200,1300
12/22/2025,Capsicum,1000,1100
12/21/2025,Capsicum,950,1000
12/20/2025,Capsicum,900,1000
12/19/2025,Capsicum,1000,1300
12/18/2025,Capsicum,1100,1200
12/17/2025,Capsicum,1000,1200
12/16/2025,Capsicum,1000,1100
12/15/2025,Capsicum,,
12/14/2025,Capsicum,900,1000
12/13/2025,Capsicum,800,900
12/12/2025,Capsicum,800,900
12/11/2025,Capsicum,800,900
12/10/2025,Capsicum,1000,1200
12/9/2025,Capsicum,700,800
12/8/2025,Capsicum,700,720
12/7/2025,Capsicum,700,750
12/6/2025,Capsicum,850,900
12/5/2025,Capsicum,650,700
12/4/2025,Capsicum,,
12/3/2025,Capsicum,600,700
12/2/2025,Capsicum,600,700
12/1/2025,Capsicum,500,600
11/30/2025,Capsicum,950,1000
11/29/2025,Capsicum,740,750
11/28/2025,Capsicum,750,800
11/27/2025,Capsicum,500,800
11/26/2025,Capsicum,750,800
11/25/2025,Capsicum,700,750
11/24/2025,Capsicum,650,700
11/23/2025,Capsicum,550,600
11/22/2025,Capsicum,650,700
11/21/2025,Capsicum,700,750
11/20/2025,Capsicum,550,600
11/19/2025,Capsicum,500,600
11/18/2025,Capsicum,500,650
11/17/2025,Capsicum,500,750
11/16/2025,Capsicum,,
11/15/2025,Capsicum,700,750
11/14/2025,Capsicum,600,700
11/13/2025,Capsicum,500,600
11/12/2025,Capsicum,550,600
11/11/2025,Capsicum,640,650
11/10/2025,Capsicum,500,520
11/9/2025,Capsicum,350,400
11/8/2025,Capsicum,750,780
11/7/2025,Capsicum,500,680
11/6/2025,Capsicum,550,600
11/5/2025,Capsicum,550,600
11/4/2025,Capsicum,550,600
11/3/2025,Capsicum,550,600
11/2/2025,Capsicum,,
11/1/2025,Capsicum,,
10/31/2025,Capsicum,,
10/30/2025,Capsicum,,
10/29/2025,Capsicum,400,450
10/28/2025,Capsicum,400,420
10/27/2025,Capsicum,350,400
10/26/2025,Capsicum,350,420
10/25/2025,Capsicum,350,400
10/24/2025,Capsicum,280,300
10/23/2025,Capsicum,300,350
10/22/2025,Capsicum,300,350
10/21/2025,Capsicum,250,300
10/20/2025,Capsicum,190,250
10/19/2025,Capsicum,300,360
10/18/2025,Capsicum,370,380
10/17/2025,Capsicum,200,280
10/16/2025,Capsicum,350,380
10/15/2025,Capsicum,300,350
10/14/2025,Capsicum,300,380
10/13/2025,Capsicum,300,350
10/12/2025,Capsicum,250,300
10/11/2025,Capsicum,250,280
10/10/2025,Capsicum,250,300
10/9/2025,Capsicum,290,300
10/8/2025,Capsicum,340,350
10/7/2025,Capsicum,260,270
10/6/2025,Capsicum,,
10/5/2025,Capsicum,270,280
10/4/2025,Capsicum,300,320
10/3/2025,Capsicum,200,280
10/2/2025,Capsicum,250,300
10/1/2025,Capsicum,230,250
9/30/2025,Capsicum,200,250
9/29/2025,Capsicum,180,200
9/28/2025,Capsicum,150,250
9/27/2025,Capsicum,200,220
9/26/2025,Capsicum,230,250
9/25/2025,Capsicum,150,200
9/24/2025,Capsicum,240,250
9/23/2025,Capsicum,150,250
9/22/2025,Capsicum,230,260
9/21/2025,Capsicum,240,250
9/20/2025,Capsicum,250,280
9/19/2025,Capsicum,200,250
9/18/2025,Capsicum,180,200
9/17/2025,Capsicum,150,270
9/16/2025,Capsicum,200,250
9/15/2025,Capsicum,200,230
9/14/2025,Capsicum,150,250
9/13/2025,Capsicum,240,250
9/12/2025,Capsicum,200,210
9/11/2025,Capsicum,150,200
9/10/2025,Capsicum,150,250
9/9/2025,Capsicum,200,280
9/8/2025,Capsicum,200,250
9/7/2025,Capsicum,200,250
9/6/2025,Capsicum,200,250
9/5/2025,Capsicum,220,260
9/4/2025,Capsicum,200,250
9/3/2025,Capsicum,150,250
9/2/2025,Capsicum,150,250
9/1/2025,Capsicum,200,250
8/31/2025,Capsicum,200,250
8/30/2025,Capsicum,200,250
8/29/2025,Capsicum,200,280
8/28/2025,Capsicum,280,300
8/27/2025,Capsicum,200,300
8/26/2025,Capsicum,200,300
8/25/2025,Capsicum,240,380
8/24/2025,Capsicum,250,300
8/23/2025,Capsicum,280,300
8/22/2025,Capsicum,250,260
8/21/2025,Capsicum,250,260
8/20/2025,Capsicum,180,200
8/19/2025,Capsicum,250,280
8/18/2025,Capsicum,270,280
8/17/2025,Capsicum,280,300
8/16/2025,Capsicum,280,300
8/15/2025,Capsicum,200,320
8/14/2025,Capsicum,250,330
8/13/2025,Capsicum,220,280
8/12/2025,Capsicum,180,250
8/11/2025,Capsicum,200,280
8/10/2025,Capsicum,280,300
8/9/2025,Capsicum,280,350
8/8/2025,Capsicum,270,300
8/7/2025,Capsicum,250,350
8/6/2025,Capsicum,300,350
8/5/2025,Capsicum,280,330
8/4/2025,Capsicum,300,380
8/3/2025,Capsicum,400,450
8/2/2025,Capsicum,400,450
8/1/2025,Capsicum,420,430
7/31/2025,Capsicum,450,500
7/30/2025,Capsicum,350,450
7/29/2025,Capsicum,350,400
7/28/2025,Capsicum,400,450
7/27/2025,Capsicum,350,450
7/26/2025,Capsicum,430,440
7/25/2025,Capsicum,450,480
7/24/2025,Capsicum,400,450
7/23/2025,Capsicum,400,500
7/22/2025,Capsicum,400,500
7/21/2025,Capsicum,440,450
7/20/2025,Capsicum,450,460
7/19/2025,Capsicum,440,450
7/18/2025,Capsicum,350,400
7/17/2025,Capsicum,400,450
7/16/2025,Capsicum,350,450
7/15/2025,Capsicum,450,480
7/14/2025,Capsicum,450,500
7/13/2025,Capsicum,450,470
7/12/2025,Capsicum,400,420
7/11/2025,Capsicum,470,480
7/10/2025,Capsicum,450,500
7/9/2025,Capsicum,450,480
7/8/2025,Capsicum,450,470
7/7/2025,Capsicum,470,480
7/6/2025,Capsicum,390,400
7/5/2025,Capsicum,350,400
7/4/2025,Capsicum,540,550
7/3/2025,Capsicum,400,450
7/2/2025,Capsicum,400,500
7/1/2025,Capsicum,450,500
6/30/2025,Capsicum,560,570
6/29/2025,Capsicum,500,550
6/28/2025,Capsicum,400,430
6/27/2025,Capsicum,340,350
6/26/2025,Capsicum,310,320
6/25/2025,Capsicum,290,300
6/24/2025,Capsicum,300,330
6/23/2025,Capsicum,350,400
6/22/2025,Capsicum,350,370
6/21/2025,Capsicum,370,380
6/20/2025,Capsicum,440,450
6/19/2025,Capsicum,440,450
6/18/2025,Capsicum,390,400
6/17/2025,Capsicum,350,400
6/16/2025,Capsicum,400,420
6/15/2025,Capsicum,450,460
6/14/2025,Capsicum,650,680
6/13/2025,Capsicum,600,620
6/12/2025,Capsicum,690,700
6/11/2025,Capsicum,650,700
6/10/2025,Capsicum,550,600
6/9/2025,Capsicum,530,550
6/8/2025,Capsicum,600,670
6/7/2025,Capsicum,650,700
6/6/2025,Capsicum,600,700
6/5/2025,Capsicum,700,720
6/4/2025,Capsicum,650,700
6/3/2025,Capsicum,730,750
6/2/2025,Capsicum,700,750
6/1/2025,Capsicum,670,680
5/31/2025,Capsicum,500,600
5/30/2025,Capsicum,670,700
5/29/2025,Capsicum,720,750
5/28/2025,Capsicum,790,800
5/27/2025,Capsicum,790,800
5/26/2025,Capsicum,740,750
5/25/2025,Capsicum,600,700
5/24/2025,Capsicum,730,750
5/23/2025,Capsicum,720,730
5/22/2025,Capsicum,650,700
5/21/2025,Capsicum,700,720
5/20/2025,Capsicum,680,700
5/19/2025,Capsicum,680,700
5/18/2025,Capsicum,850,900
5/17/2025,Capsicum,650,730
5/16/2025,Capsicum,700,800
5/15/2025,Capsicum,800,850
5/14/2025,Capsicum,740,750
5/13/2025,Capsicum,700,750
5/12/2025,Capsicum,800,850
5/11/2025,Capsicum,750,850
5/10/2025,Capsicum,700,750
5/9/2025,Capsicum,750,800
5/8/2025,Capsicum,800,850
5/7/2025,Capsicum,800,820
5/6/2025,Capsicum,800,820
5/5/2025,Capsicum,500,800
5/4/2025,Capsicum,600,750
5/3/2025,Capsicum,700,800
5/2/2025,Capsicum,650,750
5/1/2025,Capsicum,600,700
4/30/2025,Capsicum,,
4/29/2025,Capsicum,500,600
4/28/2025,Capsicum,450,600
4/27/2025,Capsicum,500,600
4/26/2025,Capsicum,550,700
4/25/2025,Capsicum,500,650
4/24/2025,Capsicum,500,650
4/23/2025,Capsicum,500,650
4/22/2025,Capsicum,400,550
4/21/2025,Capsicum,600,700
4/20/2025,Capsicum,550,650
4/19/2025,Capsicum,650,750
4/18/2025,Capsicum,700,800
4/17/2025,Capsicum,700,800
4/16/2025,Capsicum,800,850
4/15/2025,Capsicum,,
4/14/2025,Capsicum,,
4/13/2025,Capsicum,,
4/12/2025,Capsicum,700,800
4/11/2025,Capsicum,650,750
4/10/2025,Capsicum,650,750
4/9/2025,Capsicum,650,750
4/8/2025,Capsicum,600,700
4/7/2025,Capsicum,600,700
4/6/2025,Capsicum,600,700
4/5/2025,Capsicum,580,700
4/4/2025,Capsicum,650,800
4/3/2025,Capsicum,500,630
4/2/2025,Capsicum,500,650
4/1/2025,Capsicum,500,600
3/31/2025,Capsicum,450,600
3/30/2025,Capsicum,500,600
3/29/2025,Capsicum,450,600
3/28/2025,Capsicum,350,600
3/27/2025,Capsicum,450,600
3/26/2025,Capsicum,400,550
3/25/2025,Capsicum,450,600
3/24/2025,Capsicum,650,720
3/23/2025,Capsicum,550,650
3/22/2025,Capsicum,480,550
3/21/2025,Capsicum,500,600
3/20/2025,Capsicum,650,750
3/19/2025,Capsicum,500,650
3/18/2025,Capsicum,450,600
3/17/2025,Capsicum,450,600
3/16/2025,Capsicum,450,600
3/15/2025,Capsicum,450,600
3/14/2025,Capsicum,400,550
3/13/2025,Capsicum,,
3/12/2025,Capsicum,500,650
3/11/2025,Capsicum,450,600
3/10/2025,Capsicum,500,650
3/9/2025,Capsicum,450,600
3/8/2025,Capsicum,450,550
3/7/2025,Capsicum,400,500
3/6/2025,Capsicum,300,450
3/5/2025,Capsicum,350,500
3/4/2025,Capsicum,450,600
3/3/2025,Capsicum,450,600
3/2/2025,Capsicum,600,700
3/1/2025,Capsicum,500,700
2/28/2025,Capsicum,500,650
2/27/2025,Capsicum,600,750
2/26/2025,Capsicum,850,1000
2/25/2025,Capsicum,800,1000
2/24/2025,Capsicum,900,1000
2/23/2025,Capsicum,800,900
2/22/2025,Capsicum,800,950
2/21/2025,Capsicum,850,1000
2/20/2025,Capsicum,800,1000
2/19/2025,Capsicum,900,1100
2/18/2025,Capsicum,900,1050
2/17/2025,Capsicum,1000,1100
2/16/2025,Capsicum,900,1000
2/15/2025,Capsicum,800,1000
2/14/2025,Capsicum,800,950
2/13/2025,Capsicum,850,1100
2/12/2025,Capsicum,,
2/11/2025,Capsicum,1000,1150
2/10/2025,Capsicum,900,1100
2/9/2025,Capsicum,1000,1150
2/8/2025,Capsicum,900,1000
2/7/2025,Capsicum,1000,1150
2/6/2025,Capsicum,900,1000
2/5/2025,Capsicum,900,950
2/4/2025,Capsicum,850,950
2/3/2025,Capsicum,900,1000
2/2/2025,Capsicum,900,950
2/1/2025,Capsicum,900,1000
1/31/2025,Capsicum,900,1000
1/30/2025,Capsicum,980,1000
1/29/2025,Capsicum,880,950
1/28/2025,Capsicum,900,950
1/27/2025,Capsicum,800,850
1/26/2025,Capsicum,750,850
1/25/2025,Capsicum,700,850
1/24/2025,Capsicum,650,750
1/23/2025,Capsicum,750,800
1/22/2025,Capsicum,700,750
1/21/2025,Capsicum,650,750
1/20/2025,Capsicum,600,650
1/19/2025,Capsicum,450,550
1/18/2025,Capsicum,450,550
1/17/2025,Capsicum,350,450
1/16/2025,Capsicum,400,520
1/15/2025,Capsicum,400,500
1/14/2025,Capsicum,450,500
1/13/2025,Capsicum,,
1/12/2025,Capsicum,400,500
1/11/2025,Capsicum,400,500
1/10/2025,Capsicum,400,500
1/9/2025,Capsicum,500,600
1/8/2025,Capsicum,400,450
1/7/2025,Capsicum,350,500
1/6/2025,Capsicum,400,500
1/5/2025,Capsicum,350,450
1/4/2025,Capsicum,450,600
1/3/2025,Capsicum,550,650
1/2/2025,Capsicum,450,550
1/1/2025,Capsicum,450,550
12/31/2024,Capsicum,450,600
12/30/2024,Capsicum,550,700
12/29/2024,Capsicum,550,650
12/28/2024,Capsicum,600,700
12/27/2024,Capsicum,600,750
12/26/2024,Capsicum,550,700
12/25/2024,Capsicum,600,650
12/24/2024,Capsicum,550,700
12/23/2024,Capsicum,650,700
12/22/2024,Capsicum,600,650
12/21/2024,Capsicum,600,700
12/20/2024,Capsicum,600,700
12/19/2024,Capsicum,600,650
12/18/2024,Capsicum,600,700
12/17/2024,Capsicum,550,650
12/16/2024,Capsicum,680,750
12/15/2024,Capsicum,650,700
12/14/2024,Capsicum, -,
12/13/2024,Capsicum,600,650
12/12/2024,Capsicum,600,700
12/11/2024,Capsicum,600,700
12/10/2024,Capsicum,700,750
12/9/2024,Capsicum,700,750
12/8/2024,Capsicum,700,750
12/7/2024,Capsicum,600,750
12/6/2024,Capsicum,700,800
12/5/2024,Capsicum,600,700
12/4/2024,Capsicum,500,650
12/3/2024,Capsicum,500,550
12/2/2024,Capsicum,500,550
12/1/2024,Capsicum,580,650
11/30/2024,Capsicum,550,650
11/29/2024,Capsicum,500,650
11/28/2024,Capsicum,500,600
11/27/2024,Capsicum,400,480
11/26/2024,Capsicum,450,550
11/25/2024,Capsicum,400,500
11/24/2024,Capsicum,400,500
11/23/2024,Capsicum,400,530
11/22/2024,Capsicum,450,530
11/21/2024,Capsicum,430,520
11/20/2024,Capsicum,400,520
11/19/2024,Capsicum,400,480
11/18/2024,Capsicum,400,500
11/17/2024,Capsicum,380,450
11/16/2024,Capsicum,450,500
11/15/2024,Capsicum,-,-
11/14/2024,Capsicum,-,-
11/13/2024,Capsicum,400,500
11/12/2024,Capsicum,350,430
11/11/2024,Capsicum,400,450
11/10/2024,Capsicum,450,500
11/9/2024,Capsicum,400,500
11/8/2024,Capsicum,400,480
11/7/2024,Capsicum,400,460
11/6/2024,Capsicum,430,500
11/5/2024,Capsicum,430,500
11/4/2024,Capsicum,400,450
11/3/2024,Capsicum,400,500
11/2/2024,Capsicum,400,480
11/1/2024,Capsicum,380,450
10/31/2024,Capsicum,-,-
10/30/2024,Capsicum,-,-
10/29/2024,Capsicum,400,500
10/28/2024,Capsicum,400,500
10/27/2024,Capsicum,450,520
10/26/2024,Capsicum,420,520
10/25/2024,Capsicum,450,550
10/24/2024,Capsicum,500,580
10/23/2024,Capsicum,480,550
10/22/2024,Capsicum,480,550
10/21/2024,Capsicum,450,550
10/20/2024,Capsicum,430,500
10/19/2024,Capsicum,450,500
10/18/2024,Capsicum,380,450
10/17/2024,Capsicum,,
10/16/2024,Capsicum,380,500
10/15/2024,Capsicum,380,450
10/14/2024,Capsicum,400,500
10/13/2024,Capsicum,380,460
10/12/2024,Capsicum,350,400
10/11/2024,Capsicum,400,450
10/10/2024,Capsicum,400,480
10/9/2024,Capsicum,380,420
10/8/2024,Capsicum,380,450
10/7/2024,Capsicum,400,450
10/6/2024,Capsicum,350,400
10/5/2024,Capsicum,350,400
10/4/2024,Capsicum,380,450
10/3/2024,Capsicum,280,380
10/2/2024,Capsicum,300,350
10/1/2024,Capsicum,350,380
9/30/2024,Capsicum,300,350
9/29/2024,Capsicum,280,330
9/28/2024,Capsicum,280,320
9/27/2024,Capsicum,270,350
9/26/2024,Capsicum,300,350
9/25/2024,Capsicum,300,350
9/24/2024,Capsicum,350,400
9/23/2024,Capsicum,400,450
9/22/2024,Capsicum,,
9/21/2024,Capsicum,,
9/20/2024,Capsicum,350,400
9/19/2024,Capsicum,300,350
9/18/2024,Capsicum,300,400
9/17/2024,Capsicum,,
9/16/2024,Capsicum,350,400
9/15/2024,Capsicum,300,400
9/14/2024,Capsicum,300,400
9/13/2024,Capsicum,300,400
9/12/2024,Capsicum,300,380
9/11/2024,Capsicum,380,430
9/10/2024,Capsicum,350,400
9/9/2024,Capsicum,350,400
9/8/2024,Capsicum,300,350
9/7/2024,Capsicum,400,430
9/6/2024,Capsicum,360,430
9/5/2024,Capsicum,400,450
9/4/2024,Capsicum,370,430
9/3/2024,Capsicum,350,400
9/2/2024,Capsicum,380,450
9/1/2024,Capsicum,350,400
8/31/2024,Capsicum,350,450
8/30/2024,Capsicum,380,450
8/29/2024,Capsicum,400,450
8/28/2024,Capsicum,380,450
8/27/2024,Capsicum,400,500
8/26/2024,Capsicum,350,400
8/25/2024,Capsicum,350,400
8/24/2024,Capsicum,400,500
8/23/2024,Capsicum,380,450
8/22/2024,Capsicum,380,450
8/21/2024,Capsicum,400,480
8/20/2024,Capsicum,400,450
8/19/2024,Capsicum,,
8/18/2024,Capsicum,350,400
8/17/2024,Capsicum,350,400
8/16/2024,Capsicum,350,400
8/15/2024,Capsicum,450,500
8/14/2024,Capsicum,500,550
8/13/2024,Capsicum,500,550
8/12/2024,Capsicum,550,650
8/11/2024,Capsicum,500,650
8/10/2024,Capsicum,600,700
8/9/2024,Capsicum,550,650
8/8/2024,Capsicum,550,650
8/7/2024,Capsicum,600,800
8/6/2024,Capsicum,700,850
8/5/2024,Capsicum,750,850
8/4/2024,Capsicum,750,850
8/3/2024,Capsicum,750,850
8/2/2024,Capsicum,800,850
8/1/2024,Capsicum,800,900
7/31/2024,Capsicum,850,900
7/30/2024,Capsicum,800,900
7/29/2024,Capsicum,800,900
7/28/2024,Capsicum,750,800
7/27/2024,Capsicum,800,850
7/26/2024,Capsicum,800,850
7/25/2024,Capsicum,750,800
7/24/2024,Capsicum,750,800
7/23/2024,Capsicum,750,800
7/22/2024,Capsicum,700,800
7/21/2024,Capsicum,650,700
7/20/2024,Capsicum,,
7/19/2024,Capsicum,660,730
7/18/2024,Capsicum,680,730
7/17/2024,Capsicum,600,700
7/16/2024,Capsicum,650,730
7/15/2024,Capsicum,650,700
7/14/2024,Capsicum,650,700
7/13/2024,Capsicum,600,650
7/12/2024,Capsicum,600,650
7/11/2024,Capsicum,600,680
7/10/2024,Capsicum,600,650
7/9/2024,Capsicum,600,650
7/8/2024,Capsicum,650,700
7/7/2024,Capsicum,600,680
7/6/2024,Capsicum,580,650
7/5/2024,Capsicum,600,650
7/4/2024,Capsicum,550,600
7/3/2024,Capsicum,600,650
7/2/2024,Capsicum,550,620
7/1/2024,Capsicum,500,650
6/30/2024,Capsicum,600,650
6/29/2024,Capsicum,580,640
6/28/2024,Capsicum,600,650
6/27/2024,Capsicum,580,650
6/26/2024,Capsicum,550,650
6/25/2024,Capsicum,580,630
6/24/2024,Capsicum,600,630
6/23/2024,Capsicum,450,550
6/22/2024,Capsicum,580,630
6/21/2024,Capsicum,,
6/20/2024,Capsicum,500,600
6/19/2024,Capsicum,480,550
6/18/2024,Capsicum,450,600
6/17/2024,Capsicum,550,580
6/16/2024,Capsicum,485,580
6/15/2024,Capsicum,400,450
6/14/2024,Capsicum,400,450
6/13/2024,Capsicum,360,400
6/12/2024,Capsicum,400,480
6/11/2024,Capsicum,450,520
6/10/2024,Capsicum,450,500
6/9/2024,Capsicum,400,450
6/8/2024,Capsicum,450,520
6/7/2024,Capsicum,480,550
6/6/2024,Capsicum,390,450
6/5/2024,Capsicum,390,420
6/4/2024,Capsicum,380,420
6/3/2024,Capsicum,280,400
6/2/2024,Capsicum,280,400
6/1/2024,Capsicum,300,380
5/31/2024,Capsicum,300,350
5/30/2024,Capsicum,180,250
5/29/2024,Capsicum,200,250
5/28/2024,Capsicum,200,250
5/27/2024,Capsicum,160,220
5/26/2024,Capsicum,180,230
5/25/2024,Capsicum,160,200
5/24/2024,Capsicum,,
5/23/2024,Capsicum,,
5/22/2024,Capsicum,130,220
5/21/2024,Capsicum,150,180
5/20/2024,Capsicum,130,160
5/19/2024,Capsicum,130,150
5/18/2024,Capsicum,120,150
5/17/2024,Capsicum,120,150
5/16/2024,Capsicum,120,160
5/15/2024,Capsicum,130,150
5/14/2024,Capsicum,120,160
5/13/2024,Capsicum,120,150
5/12/2024,Capsicum,140,180
5/11/2024,Capsicum,120,180
5/10/2024,Capsicum,100,180
5/9/2024,Capsicum,130,160
5/8/2024,Capsicum,120,200
5/7/2024,Capsicum,100,160
5/6/2024,Capsicum,100,140
5/5/2024,Capsicum,120,170
5/4/2024,Capsicum,130,180
5/3/2024,Capsicum,140,180
5/2/2024,Capsicum,,
5/1/2024,Capsicum,150,200
4/30/2024,Capsicum,140,220
4/29/2024,Capsicum,140,200
4/28/2024,Capsicum,150,220
4/27/2024,Capsicum,150,200
4/26/2024,Capsicum,150,200
4/25/2024,Capsicum,150,220
4/24/2024,Capsicum,150,200
4/23/2024,Capsicum,,
4/22/2024,Capsicum,160,200
4/21/2024,Capsicum,200,280
4/20/2024,Capsicum,250,300
4/19/2024,Capsicum,250,350
4/18/2024,Capsicum,250,400
4/17/2024,Capsicum,300,350
4/16/2024,Capsicum,260,300
4/15/2024,Capsicum,,
4/14/2024,Capsicum,,
4/13/2024,Capsicum,,
4/12/2024,Capsicum,,
4/11/2024,Capsicum,300,400
4/10/2024,Capsicum,300,380
4/9/2024,Capsicum,350,420
4/8/2024,Capsicum,300,400
4/7/2024,Capsicum,350,430
4/6/2024,Capsicum,300,350
4/5/2024,Capsicum,250,300
4/4/2024,Capsicum,200,300
4/3/2024,Capsicum,200,300
4/2/2024,Capsicum,250,350
4/1/2024,Capsicum,200,330
3/31/2024,Capsicum,250,350
3/30/2024,Capsicum,200,300
3/29/2024,Capsicum,250,300
3/28/2024,Capsicum,250,300
3/27/2024,Capsicum,250,300
3/26/2024,Capsicum,250,350
3/25/2024,Capsicum,300,400
3/24/2024,Capsicum,,
3/23/2024,Capsicum,350,450
3/22/2024,Capsicum,400,550
3/21/2024,Capsicum,400,520
3/20/2024,Capsicum,350,480
3/19/2024,Capsicum,350,550
3/18/2024,Capsicum,400,550
3/17/2024,Capsicum,350,500
3/16/2024,Capsicum,350,500
3/15/2024,Capsicum,400,500
3/14/2024,Capsicum,450,600
3/13/2024,Capsicum,400,550
3/12/2024,Capsicum,480,550
3/11/2024,Capsicum,350,450
3/10/2024,Capsicum,300,400
3/9/2024,Capsicum,300,400
3/8/2024,Capsicum,250,300
3/7/2024,Capsicum,250,400
3/6/2024,Capsicum,300,400
3/5/2024,Capsicum,200,220
3/4/2024,Capsicum,250,300
3/3/2024,Capsicum,250,300
3/2/2024,Capsicum,250,300
3/1/2024,Capsicum,350,400
2/29/2024,Capsicum,350,400
2/28/2024,Capsicum,300,400
2/27/2024,Capsicum,,
2/26/2024,Capsicum,350,450
2/25/2024,Capsicum,450,550
2/24/2024,Capsicum,500,600
2/23/2024,Capsicum,,
2/22/2024,Capsicum,550,650
2/21/2024,Capsicum,500,550
2/20/2024,Capsicum,500,600
2/19/2024,Capsicum,500,600
2/18/2024,Capsicum,600,650
2/17/2024,Capsicum,600,700
2/16/2024,Capsicum,550,650
2/15/2024,Capsicum,600,700
2/14/2024,Capsicum,650,800
2/13/2024,Capsicum,600,700
2/12/2024,Capsicum,700,800
2/11/2024,Capsicum,800,900
2/10/2024,Capsicum,700,850
2/9/2024,Capsicum,700,850
2/8/2024,Capsicum,900,950
2/7/2024,Capsicum,850,1000
2/6/2024,Capsicum,850,900
2/5/2024,Capsicum,900,1000
2/4/2024,Capsicum,800,900
2/3/2024,Capsicum,900,1000
2/2/2024,Capsicum,850,950
2/1/2024,Capsicum,850,1000
1/31/2024,Capsicum,900,1000
1/30/2024,Capsicum,900,1100
1/29/2024,Capsicum,900,1050
1/28/2024,Capsicum,900,1000
1/27/2024,Capsicum,900,1100
1/26/2024,Capsicum,650,850
1/25/2024,Capsicum,,
1/24/2024,Capsicum,700,900
1/23/2024,Capsicum,700,850
1/22/2024,Capsicum,750,850
1/21/2024,Capsicum,650,750
1/20/2024,Capsicum,650,750
1/19/2024,Capsicum,800,900
1/18/2024,Capsicum,800,850
1/17/2024,Capsicum,780,850
1/16/2024,Capsicum,650,780
1/15/2024,Capsicum,650,750
1/14/2024,Capsicum,650,750
1/13/2024,Capsicum,600,650
1/12/2024,Capsicum,600,650
1/11/2024,Capsicum,600,680
1/10/2024,Capsicum,600,650
1/9/2024,Capsicum,550,650
1/8/2024,Capsicum,600,700
1/7/2024,Capsicum,550,650
1/6/2024,Capsicum,550,650
1/5/2024,Capsicum,450,550
1/4/2024,Capsicum,500,600
1/3/2024,Capsicum,550,620
1/2/2024,Capsicum,480,600
1/1/2024,Capsicum,500,600
3/31/2026,Cucumber,40,50
3/30/2026,Cucumber,40,50
3/29/2026,Cucumber,80,90
3/28/2026,Cucumber,70,80
3/27/2026,Cucumber,60,80
3/26/2026,Cucumber,80,90
3/25/2026,Cucumber,30,50
3/24/2026,Cucumber,40,50
3/23/2026,Cucumber,50,60
3/22/2026,Cucumber,30,40
3/21/2026,Cucumber,30,40
3/20/2026,Cucumber,30,50
3/19/2026,Cucumber,40,50
3/18/2026,Cucumber,40,45
3/17/2026,Cucumber,35,40
3/16/2026,Cucumber,30,40
3/15/2026,Cucumber,30,40
3/14/2026,Cucumber,40,50
3/13/2026,Cucumber,40,50
3/12/2026,Cucumber,35,40
3/11/2026,Cucumber,40,60
3/10/2026,Cucumber,40,60
3/9/2026,Cucumber,40,50
3/8/2026,Cucumber,45,50
3/7/2026,Cucumber,40,50
3/6/2026,Cucumber,40,50
3/5/2026,Cucumber,35,40
3/4/2026,Cucumber,25,40
3/3/2026,Cucumber,30,35
3/2/2026,Cucumber,30,40
3/1/2026,Cucumber,30,40
2/28/2026,Cucumber,35,40
2/27/2026,Cucumber,25,35
2/26/2026,Cucumber,30,40
2/25/2026,Cucumber,20,25
2/24/2026,Cucumber,20,30
2/23/2026,Cucumber,25,30
2/22/2026,Cucumber,20,30
2/21/2026,Cucumber,30,35
2/20/2026,Cucumber,30,35
2/19/2026,Cucumber,25,30
2/18/2026,Cucumber,30,40
2/17/2026,Cucumber,25,30
2/16/2026,Cucumber,30,40
2/15/2026,Cucumber,30,40
2/14/2026,Cucumber,30,40
2/13/2026,Cucumber,40,50
2/12/2026,Cucumber,50,60
2/11/2026,Cucumber,25,45
2/10/2026,Cucumber,25,30
2/9/2026,Cucumber,15,20
2/8/2026,Cucumber,20,30
2/7/2026,Cucumber,20,25
2/6/2026,Cucumber,20,25
2/5/2026,Cucumber,40,60
2/4/2026,Cucumber,30,40
2/3/2026,Cucumber,30,40
2/2/2026,Cucumber,15,20
2/1/2026,Cucumber,,
1/31/2026,Cucumber,,
1/30/2026,Cucumber,40,50
1/29/2026,Cucumber,30,50
1/28/2026,Cucumber,30,50
1/27/2026,Cucumber,30,50
1/26/2026,Cucumber,40,60
1/25/2026,Cucumber,50,70
1/24/2026,Cucumber,50,100
1/23/2026,Cucumber,140,160
1/22/2026,Cucumber,90,100
1/21/2026,Cucumber,80,100
1/20/2026,Cucumber,100,130
1/19/2026,Cucumber,120,140
1/18/2026,Cucumber,80,100
1/17/2026,Cucumber,80,110
1/16/2026,Cucumber,90,100
1/15/2026,Cucumber,100,140
1/14/2026,Cucumber,80,100
1/13/2026,Cucumber,100,130
1/12/2026,Cucumber,120,150
1/11/2026,Cucumber,100,120
1/10/2026,Cucumber,70,100
1/9/2026,Cucumber,70,100
1/8/2026,Cucumber,70,100
1/7/2026,Cucumber,100,120
1/6/2026,Cucumber,60,70
1/5/2026,Cucumber,60,70
1/4/2026,Cucumber,60,100
1/3/2026,Cucumber,,
1/2/2026,Cucumber,80,90
1/1/2026,Cucumber,80,100
12/31/2025,Cucumber,100,120
12/30/2025,Cucumber,100,120
12/29/2025,Cucumber,100,110
12/28/2025,Cucumber,80,120
12/27/2025,Cucumber,80,100
12/26/2025,Cucumber,100,110
12/25/2025,Cucumber,70,130
12/24/2025,Cucumber,120,130
12/23/2025,Cucumber,60,100
12/22/2025,Cucumber,120,130
12/21/2025,Cucumber,100,110
12/20/2025,Cucumber,80,100
12/19/2025,Cucumber,60,100
12/18/2025,Cucumber,80,100
12/17/2025,Cucumber,120,140
12/16/2025,Cucumber,120,130
12/15/2025,Cucumber,,
12/14/2025,Cucumber,120,130
12/13/2025,Cucumber,100,150
12/12/2025,Cucumber,120,130
12/11/2025,Cucumber,150,170
12/10/2025,Cucumber,100,110
12/9/2025,Cucumber,120,150
12/8/2025,Cucumber,180,200
12/7/2025,Cucumber,110,120
12/6/2025,Cucumber,100,120
12/5/2025,Cucumber,100,120
12/4/2025,Cucumber,,
12/3/2025,Cucumber,80,110
12/2/2025,Cucumber,70,80
12/1/2025,Cucumber,70,80
11/30/2025,Cucumber,70,80
11/29/2025,Cucumber,30,40
11/28/2025,Cucumber,50,60
11/27/2025,Cucumber,70,80
11/26/2025,Cucumber,60,65
11/25/2025,Cucumber,50,60
11/24/2025,Cucumber,50,60
11/23/2025,Cucumber,70,80
11/22/2025,Cucumber,60,70
11/21/2025,Cucumber,50,70
11/20/2025,Cucumber,60,70
11/19/2025,Cucumber,60,80
11/18/2025,Cucumber,60,70
11/17/2025,Cucumber,80,90
11/16/2025,Cucumber,,
11/15/2025,Cucumber,70,90
11/14/2025,Cucumber,80,100
11/13/2025,Cucumber,60,70
11/12/2025,Cucumber,110,120
11/11/2025,Cucumber,100,120
11/10/2025,Cucumber,80,120
11/9/2025,Cucumber,100,120
11/8/2025,Cucumber,100,110
11/7/2025,Cucumber,160,170
11/6/2025,Cucumber,110,120
11/5/2025,Cucumber,100,120
11/4/2025,Cucumber,140,160
11/3/2025,Cucumber,100,150
11/2/2025,Cucumber,,
11/1/2025,Cucumber,,
10/31/2025,Cucumber,,
10/30/2025,Cucumber,,
10/29/2025,Cucumber,70,80
10/28/2025,Cucumber,100,130
10/27/2025,Cucumber,70,80
10/26/2025,Cucumber,100,120
10/25/2025,Cucumber,100,120
10/24/2025,Cucumber,60,80
10/23/2025,Cucumber,70,80
10/22/2025,Cucumber,60,70
10/21/2025,Cucumber,50,60
10/20/2025,Cucumber,50,55
10/19/2025,Cucumber,65,80
10/18/2025,Cucumber,70,80
10/17/2025,Cucumber,30,40
10/16/2025,Cucumber,80,120
10/15/2025,Cucumber,75,80
10/14/2025,Cucumber,40,60
10/13/2025,Cucumber,60,80
10/12/2025,Cucumber,50,60
10/11/2025,Cucumber,50,70
10/10/2025,Cucumber,80,90
10/9/2025,Cucumber,50,60
10/8/2025,Cucumber,40,50
10/7/2025,Cucumber,90,100
10/6/2025,Cucumber,,
10/5/2025,Cucumber,70,90
10/4/2025,Cucumber,80,100
10/3/2025,Cucumber,100,110
10/2/2025,Cucumber,80,100
10/1/2025,Cucumber,90,100
9/30/2025,Cucumber,80,100
9/29/2025,Cucumber,80,100
9/28/2025,Cucumber,80,130
9/27/2025,Cucumber,100,110
9/26/2025,Cucumber,80,90
9/25/2025,Cucumber,80,100
9/24/2025,Cucumber,100,110
9/23/2025,Cucumber,100,130
9/22/2025,Cucumber,140,150
9/21/2025,Cucumber,140,150
9/20/2025,Cucumber,120,130
9/19/2025,Cucumber,120,150
9/18/2025,Cucumber,110,150
9/17/2025,Cucumber,130,150
9/16/2025,Cucumber,130,150
9/15/2025,Cucumber,130,150
9/14/2025,Cucumber,110,130
9/13/2025,Cucumber,110,120
9/12/2025,Cucumber,110,120
9/11/2025,Cucumber,80,100
9/10/2025,Cucumber,80,100
9/9/2025,Cucumber,100,130
9/8/2025,Cucumber,100,120
9/7/2025,Cucumber,100,120
9/6/2025,Cucumber,100,120
9/5/2025,Cucumber,100,130
9/4/2025,Cucumber,100,120
9/3/2025,Cucumber,70,120
9/2/2025,Cucumber,100,120
9/1/2025,Cucumber,100,120
8/31/2025,Cucumber,70,80
8/30/2025,Cucumber,80,110
8/29/2025,Cucumber,100,120
8/28/2025,Cucumber,90,100
8/27/2025,Cucumber,70,80
8/26/2025,Cucumber,60,65
8/25/2025,Cucumber,70,80
8/24/2025,Cucumber,50,60
8/23/2025,Cucumber,50,60
8/22/2025,Cucumber,60,65
8/21/2025,Cucumber,50,70
8/20/2025,Cucumber,40,50
8/19/2025,Cucumber,50,60
8/18/2025,Cucumber,50,60
8/17/2025,Cucumber,50,60
8/16/2025,Cucumber,60,80
8/15/2025,Cucumber,40,60
8/14/2025,Cucumber,50,60
8/13/2025,Cucumber,50,60
8/12/2025,Cucumber,50,65
8/11/2025,Cucumber,50,60
8/10/2025,Cucumber,50,70
8/9/2025,Cucumber,40,50
8/8/2025,Cucumber,40,50
8/7/2025,Cucumber,40,50
8/6/2025,Cucumber,30,50
8/5/2025,Cucumber,50,60
8/4/2025,Cucumber,30,50
8/3/2025,Cucumber,60,65
8/2/2025,Cucumber,40,50
8/1/2025,Cucumber,30,50
7/31/2025,Cucumber,40,45
7/30/2025,Cucumber,40,50
7/29/2025,Cucumber,30,50
7/28/2025,Cucumber,50,60
7/27/2025,Cucumber,40,50
7/26/2025,Cucumber,40,50
7/25/2025,Cucumber,30,50
7/24/2025,Cucumber,40,55
7/23/2025,Cucumber,30,50
7/22/2025,Cucumber,40,50
7/21/2025,Cucumber,50,60
7/20/2025,Cucumber,40,50
7/19/2025,Cucumber,45,50
7/18/2025,Cucumber,40,50
7/17/2025,Cucumber,40,50
7/16/2025,Cucumber,30,45
7/15/2025,Cucumber,30,40
7/14/2025,Cucumber,50,55
7/13/2025,Cucumber,20,40
7/12/2025,Cucumber,50,55
7/11/2025,Cucumber,35,50
7/10/2025,Cucumber,35,40
7/9/2025,Cucumber,35,40
7/8/2025,Cucumber,40,45
7/7/2025,Cucumber,40,50
7/6/2025,Cucumber,50,60
7/5/2025,Cucumber,50,60
7/4/2025,Cucumber,40,50
7/3/2025,Cucumber,35,40
7/2/2025,Cucumber,30,45
7/1/2025,Cucumber,35,40
6/30/2025,Cucumber,50,60
6/29/2025,Cucumber,45,50
6/28/2025,Cucumber,40,50
6/27/2025,Cucumber,30,35
6/26/2025,Cucumber,35,40
6/25/2025,Cucumber,50,60
6/24/2025,Cucumber,30,40
6/23/2025,Cucumber,50,60
6/22/2025,Cucumber,40,50
6/21/2025,Cucumber,35,40
6/20/2025,Cucumber,40,50
6/19/2025,Cucumber,25,30
6/18/2025,Cucumber,30,35
6/17/2025,Cucumber,35,40
6/16/2025,Cucumber,35,40
6/15/2025,Cucumber,35,40
6/14/2025,Cucumber,30,40
6/13/2025,Cucumber,40,50
6/12/2025,Cucumber,30,40
6/11/2025,Cucumber,35,45
6/10/2025,Cucumber,30,40
6/9/2025,Cucumber,40,50
6/8/2025,Cucumber,40,50
6/7/2025,Cucumber,35,40
6/6/2025,Cucumber,25,30
6/5/2025,Cucumber,35,40
6/4/2025,Cucumber,40,50
6/3/2025,Cucumber,35,40
6/2/2025,Cucumber,40,50
6/1/2025,Cucumber,40,50
5/31/2025,Cucumber,25,30
5/30/2025,Cucumber,40,60
5/29/2025,Cucumber,30,40
5/28/2025,Cucumber,25,30
5/27/2025,Cucumber,25,30
5/26/2025,Cucumber,25,30
5/25/2025,Cucumber,20,30
5/24/2025,Cucumber,40,50
5/23/2025,Cucumber,30,40
5/22/2025,Cucumber,20,30
5/21/2025,Cucumber,20,30
5/20/2025,Cucumber,40,50
5/19/2025,Cucumber,25,30
5/18/2025,Cucumber,35,40
5/17/2025,Cucumber,40,45
5/16/2025,Cucumber,40,50
5/15/2025,Cucumber,70,80
5/14/2025,Cucumber,50,60
5/13/2025,Cucumber,40,50
5/12/2025,Cucumber,50,60
5/11/2025,Cucumber,50,60
5/10/2025,Cucumber,40,60
5/9/2025,Cucumber,40,60
5/8/2025,Cucumber,50,60
5/7/2025,Cucumber,60,70
5/6/2025,Cucumber,65,75
5/5/2025,Cucumber,70,80
5/4/2025,Cucumber,50,70
5/3/2025,Cucumber,60,70
5/2/2025,Cucumber,50,60
5/1/2025,Cucumber,50,70
4/30/2025,Cucumber,,
4/29/2025,Cucumber,60,80
4/28/2025,Cucumber,70,80
4/27/2025,Cucumber,60,70
4/26/2025,Cucumber,60,80
4/25/2025,Cucumber,60,80
4/24/2025,Cucumber,40,60
4/23/2025,Cucumber,50,60
4/22/2025,Cucumber,40,50
4/21/2025,Cucumber,60,70
4/20/2025,Cucumber,50,70
4/19/2025,Cucumber,40,50
4/18/2025,Cucumber,40,50
4/17/2025,Cucumber,25,35
4/16/2025,Cucumber,40,50
4/15/2025,Cucumber,,
4/14/2025,Cucumber,,
4/13/2025,Cucumber,,
4/12/2025,Cucumber,80,100
4/11/2025,Cucumber,80,110
4/10/2025,Cucumber,70,90
4/9/2025,Cucumber,70,100
4/8/2025,Cucumber,30,40
4/7/2025,Cucumber,50,60
4/6/2025,Cucumber,40,50
4/5/2025,Cucumber,40,50
4/4/2025,Cucumber,50,70
4/3/2025,Cucumber,40,50
4/2/2025,Cucumber,50,65
4/1/2025,Cucumber,40,50
3/31/2025,Cucumber,50,60
3/30/2025,Cucumber,65,80
3/29/2025,Cucumber,70,80
3/28/2025,Cucumber,60,80
3/27/2025,Cucumber,40,60
3/26/2025,Cucumber,50,70
3/25/2025,Cucumber,60,80
3/24/2025,Cucumber,70,85
3/23/2025,Cucumber,65,80
3/22/2025,Cucumber,50,70
3/21/2025,Cucumber,50,70
3/20/2025,Cucumber,150,160
3/19/2025,Cucumber,80,100
3/18/2025,Cucumber,70,90
3/17/2025,Cucumber,80,120
3/16/2025,Cucumber,100,120
3/15/2025,Cucumber,120,130
3/14/2025,Cucumber,130,150
3/13/2025,Cucumber,,
3/12/2025,Cucumber,160,200
3/11/2025,Cucumber,150,180
3/10/2025,Cucumber,200,220
3/9/2025,Cucumber,140,160
3/8/2025,Cucumber,130,140
3/7/2025,Cucumber,150,160
3/6/2025,Cucumber,110,130
3/5/2025,Cucumber,100,120
3/4/2025,Cucumber,100,120
3/3/2025,Cucumber,110,130
3/2/2025,Cucumber,110,130
3/1/2025,Cucumber,100,120
2/28/2025,Cucumber,80,100
2/27/2025,Cucumber,100,120
2/26/2025,Cucumber,100,120
2/25/2025,Cucumber,100,120
2/24/2025,Cucumber,100,120
2/23/2025,Cucumber,100,130
2/22/2025,Cucumber,100,120
2/21/2025,Cucumber,80,120
2/20/2025,Cucumber,100,120
2/19/2025,Cucumber,110,130
2/18/2025,Cucumber,100,120
2/17/2025,Cucumber,100,130
2/16/2025,Cucumber,90,110
2/15/2025,Cucumber,120,130
2/14/2025,Cucumber,100,120
2/13/2025,Cucumber,100,120
2/12/2025,Cucumber,,
2/11/2025,Cucumber,100,120
2/10/2025,Cucumber,100,120
2/9/2025,Cucumber,100,130
2/8/2025,Cucumber,110,130
2/7/2025,Cucumber,80,120
2/6/2025,Cucumber,100,130
2/5/2025,Cucumber,120,140
2/4/2025,Cucumber,120,150
2/3/2025,Cucumber,130,150
2/2/2025,Cucumber,130,150
2/1/2025,Cucumber,130,150
1/31/2025,Cucumber,130,160
1/30/2025,Cucumber,130,160
1/29/2025,Cucumber,130,150
1/28/2025,Cucumber,120,150
1/27/2025,Cucumber,130,150
1/26/2025,Cucumber,120,130
1/25/2025,Cucumber,100,120
1/24/2025,Cucumber,100,120
1/23/2025,Cucumber,90,110
1/22/2025,Cucumber,120,130
1/21/2025,Cucumber,100,120
1/20/2025,Cucumber,120,140
1/19/2025,Cucumber,100,110
1/18/2025,Cucumber,100,120
1/17/2025,Cucumber,120,140
1/16/2025,Cucumber,100,120
1/15/2025,Cucumber,100,130
1/14/2025,Cucumber,110,130
1/13/2025,Cucumber,,
1/12/2025,Cucumber,100,120
1/11/2025,Cucumber,110,130
1/10/2025,Cucumber,90,120
1/9/2025,Cucumber,100,120
1/8/2025,Cucumber,100,120
1/7/2025,Cucumber,100,120
1/6/2025,Cucumber,100,120
1/5/2025,Cucumber,120,140
1/4/2025,Cucumber,120,140
1/3/2025,Cucumber,120,150
1/2/2025,Cucumber,120,150
1/1/2025,Cucumber,100,130
12/31/2024,Cucumber,100,120
12/30/2024,Cucumber,100,120
12/29/2024,Cucumber,80,120
12/28/2024,Cucumber,170,190
12/27/2024,Cucumber,100,120
12/26/2024,Cucumber,110,130
12/25/2024,Cucumber,110,130
12/24/2024,Cucumber,90,120
12/23/2024,Cucumber,80,110
12/22/2024,Cucumber,90,110
12/21/2024,Cucumber,70,80
12/20/2024,Cucumber,70,80
12/19/2024,Cucumber,60,70
12/18/2024,Cucumber,60,70
12/17/2024,Cucumber,60,70
12/16/2024,Cucumber,60,80
12/15/2024,Cucumber,90,120
12/14/2024,Cucumber,,
12/13/2024,Cucumber,90,120
12/12/2024,Cucumber,130,150
12/11/2024,Cucumber,130,150
12/10/2024,Cucumber,130,140
12/9/2024,Cucumber,140,150
12/8/2024,Cucumber,140,150
12/7/2024,Cucumber,120,150
12/6/2024,Cucumber,150,160
12/5/2024,Cucumber,130,140
12/4/2024,Cucumber,140,160
12/3/2024,Cucumber,100,120
12/2/2024,Cucumber,100,130
12/1/2024,Cucumber,110,130
11/30/2024,Cucumber,100,120
11/29/2024,Cucumber,120,130
11/28/2024,Cucumber,80,110
11/27/2024,Cucumber,120,130
11/26/2024,Cucumber,120,140
11/25/2024,Cucumber,100,130
11/24/2024,Cucumber,120,130
11/23/2024,Cucumber,130,140
11/22/2024,Cucumber,130,150
11/21/2024,Cucumber,130,150
11/20/2024,Cucumber,150,160
11/19/2024,Cucumber,130,150
11/18/2024,Cucumber,140,160
11/17/2024,Cucumber,150,180
11/16/2024,Cucumber,100,130
11/15/2024,Cucumber,-,-
11/14/2024,Cucumber,-,-
11/13/2024,Cucumber,130,140
11/12/2024,Cucumber,90,110
11/11/2024,Cucumber,90,100
11/10/2024,Cucumber,80,110
11/9/2024,Cucumber,80,100
11/8/2024,Cucumber,80,110
11/7/2024,Cucumber,80,110
11/6/2024,Cucumber,70,85
11/5/2024,Cucumber,70,90
11/4/2024,Cucumber,70,90
11/3/2024,Cucumber,65,80
11/2/2024,Cucumber,55,70
11/1/2024,Cucumber,60,80
10/31/2024,Cucumber,-,-
10/30/2024,Cucumber,-,-
10/29/2024,Cucumber,50,65
10/28/2024,Cucumber,70,85
10/27/2024,Cucumber,50,60
10/26/2024,Cucumber,40,60
10/25/2024,Cucumber,40,50
10/24/2024,Cucumber,40,60
10/23/2024,Cucumber,35,45
10/22/2024,Cucumber,40,50
10/21/2024,Cucumber,50,60
10/20/2024,Cucumber,50,65
10/19/2024,Cucumber,50,70
10/18/2024,Cucumber,40,50
10/17/2024,Cucumber,,
10/16/2024,Cucumber,35,50
10/15/2024,Cucumber,40,60
10/14/2024,Cucumber,40,60
10/13/2024,Cucumber,50,65
10/12/2024,Cucumber,50,70
10/11/2024,Cucumber,70,80
10/10/2024,Cucumber,60,70
10/9/2024,Cucumber,60,75
10/8/2024,Cucumber,80,100
10/7/2024,Cucumber,65,80
10/6/2024,Cucumber,50,60
10/5/2024,Cucumber,50,60
10/4/2024,Cucumber,40,60
10/3/2024,Cucumber,60,70
10/2/2024,Cucumber,60,80
10/1/2024,Cucumber,65,80
9/30/2024,Cucumber,70,85
9/29/2024,Cucumber,70,80
9/28/2024,Cucumber,65,80
9/27/2024,Cucumber,60,70
9/26/2024,Cucumber,60,70
9/25/2024,Cucumber,60,70
9/24/2024,Cucumber,60,70
9/23/2024,Cucumber,100,120
9/22/2024,Cucumber,,
9/21/2024,Cucumber,,
9/20/2024,Cucumber,50,80
9/19/2024,Cucumber,60,70
9/18/2024,Cucumber,60,80
9/17/2024,Cucumber,,
9/16/2024,Cucumber,60,70
9/15/2024,Cucumber,60,75
9/14/2024,Cucumber,60,80
9/13/2024,Cucumber,60,70
9/12/2024,Cucumber,40,55
9/11/2024,Cucumber,45,55
9/10/2024,Cucumber,40,50
9/9/2024,Cucumber,60,70
9/8/2024,Cucumber,50,60
9/7/2024,Cucumber,40,50
9/6/2024,Cucumber,40,60
9/5/2024,Cucumber,35,45
9/4/2024,Cucumber,35,45
9/3/2024,Cucumber,40,60
9/2/2024,Cucumber,50,60
9/1/2024,Cucumber,45,60
8/31/2024,Cucumber,35,50
8/30/2024,Cucumber,50,60
8/29/2024,Cucumber,45,60
8/28/2024,Cucumber,50,70
8/27/2024,Cucumber,45,60
8/26/2024,Cucumber,35,45
8/25/2024,Cucumber,30,35
8/24/2024,Cucumber,25,35
8/23/2024,Cucumber,25,40
8/22/2024,Cucumber,25,30
8/21/2024,Cucumber,25,30
8/20/2024,Cucumber,20,30
8/19/2024,Cucumber,,
8/18/2024,Cucumber,25,35
8/17/2024,Cucumber,25,38
8/16/2024,Cucumber,25,35
8/15/2024,Cucumber,30,40
8/14/2024,Cucumber,30,35
8/13/2024,Cucumber,30,40
8/12/2024,Cucumber,25,40
8/11/2024,Cucumber,30,40
8/10/2024,Cucumber,25,35
8/9/2024,Cucumber,20,30
8/8/2024,Cucumber,20,30
8/7/2024,Cucumber,20,30
8/6/2024,Cucumber,25,35
8/5/2024,Cucumber,25,35
8/4/2024,Cucumber,25,40
8/3/2024,Cucumber,20,30
8/2/2024,Cucumber,20,25
8/1/2024,Cucumber,20,25
7/31/2024,Cucumber,20,25
7/30/2024,Cucumber,20,25
7/29/2024,Cucumber,30,35
7/28/2024,Cucumber,25,35
7/27/2024,Cucumber,30,40
7/26/2024,Cucumber,30,40
7/25/2024,Cucumber,25,35
7/24/2024,Cucumber,30,35
7/23/2024,Cucumber,30,45
7/22/2024,Cucumber,25,35
7/21/2024,Cucumber,30,40
7/20/2024,Cucumber,,
7/19/2024,Cucumber,30,45
7/18/2024,Cucumber,30,40
7/17/2024,Cucumber,35,50
7/16/2024,Cucumber,50,60
7/15/2024,Cucumber,50,80
7/14/2024,Cucumber,70,80
7/13/2024,Cucumber,60,70
7/12/2024,Cucumber,60,70
7/11/2024,Cucumber,60,75
7/10/2024,Cucumber,60,70
7/9/2024,Cucumber,70,90
7/8/2024,Cucumber,60,80
7/7/2024,Cucumber,60,80
7/6/2024,Cucumber,60,70
7/5/2024,Cucumber,60,80
7/4/2024,Cucumber,50,65
7/3/2024,Cucumber,60,80
7/2/2024,Cucumber,70,80
7/1/2024,Cucumber,70,90
6/30/2024,Cucumber,70,80
6/29/2024,Cucumber,60,85
6/28/2024,Cucumber,60,70
6/27/2024,Cucumber,70,80
6/26/2024,Cucumber,70,80
6/25/2024,Cucumber,50,70
6/24/2024,Cucumber,50,60
6/23/2024,Cucumber,100,120
6/22/2024,Cucumber,130,150
6/21/2024,Cucumber,,
6/20/2024,Cucumber,70,100
6/19/2024,Cucumber,60,80
6/18/2024,Cucumber,80,120
6/17/2024,Cucumber,80,100
6/16/2024,Cucumber,80,100
6/15/2024,Cucumber,80,100
6/14/2024,Cucumber,90,120
6/13/2024,Cucumber,80,100
6/12/2024,Cucumber,80,110
6/11/2024,Cucumber,80,110
6/10/2024,Cucumber,130,140
6/9/2024,Cucumber,90,120
6/8/2024,Cucumber,100,130
6/7/2024,Cucumber,100,110
6/6/2024,Cucumber,80,100
6/5/2024,Cucumber,80,110
6/4/2024,Cucumber,100,120
6/3/2024,Cucumber,80,120
6/2/2024,Cucumber,100,110
6/1/2024,Cucumber,80,100
5/31/2024,Cucumber,100,130
5/30/2024,Cucumber,80,100
5/29/2024,Cucumber,80,110
5/28/2024,Cucumber,70,110
5/27/2024,Cucumber,80,100
5/26/2024,Cucumber,80,100
5/25/2024,Cucumber,100,130
5/24/2024,Cucumber,,
5/23/2024,Cucumber,,
5/22/2024,Cucumber,80,100
5/21/2024,Cucumber,80,100
5/20/2024,Cucumber,100,130
5/19/2024,Cucumber,80,100
5/18/2024,Cucumber,70,100
5/17/2024,Cucumber,60,70
5/16/2024,Cucumber,80,100
5/15/2024,Cucumber,70,100
5/14/2024,Cucumber,70,80
5/13/2024,Cucumber,100,110
5/12/2024,Cucumber,110,130
5/11/2024,Cucumber,80,110
5/10/2024,Cucumber,90,110
5/9/2024,Cucumber,120,140
5/8/2024,Cucumber,100,130
5/7/2024,Cucumber,100,120
5/6/2024,Cucumber,110,130
5/5/2024,Cucumber,100,140
5/4/2024,Cucumber,120,140
5/3/2024,Cucumber,120,130
5/2/2024,Cucumber,,
5/1/2024,Cucumber,110,130
4/30/2024,Cucumber,80,100
4/29/2024,Cucumber,120,140
4/28/2024,Cucumber,100,120
4/27/2024,Cucumber,100,120
4/26/2024,Cucumber,80,120
4/25/2024,Cucumber,80,100
4/24/2024,Cucumber,70,90
4/23/2024,Cucumber,,
4/22/2024,Cucumber,80,120
4/21/2024,Cucumber,60,80
4/20/2024,Cucumber,80,90
4/19/2024,Cucumber,50,60
4/18/2024,Cucumber,50,80
4/17/2024,Cucumber,40,60
4/16/2024,Cucumber,60,70
4/15/2024,Cucumber,,
4/14/2024,Cucumber,,
4/13/2024,Cucumber,,
4/12/2024,Cucumber,,
4/11/2024,Cucumber,140,160
4/10/2024,Cucumber,60,80
4/9/2024,Cucumber,70,100
4/8/2024,Cucumber,50,70
4/7/2024,Cucumber,50,60
4/6/2024,Cucumber,35,50
4/5/2024,Cucumber,20,30
4/4/2024,Cucumber,20,25
4/3/2024,Cucumber,25,35
4/2/2024,Cucumber,25,40
4/1/2024,Cucumber,30,40
3/31/2024,Cucumber,35,45
3/30/2024,Cucumber,20,35
3/29/2024,Cucumber,20,30
3/28/2024,Cucumber,20,25
3/27/2024,Cucumber,20,25
3/26/2024,Cucumber,25,30
3/25/2024,Cucumber,25,30
3/24/2024,Cucumber,,
3/23/2024,Cucumber,30,40
3/22/2024,Cucumber,25,35
3/21/2024,Cucumber,30,40
3/20/2024,Cucumber,20,30
3/19/2024,Cucumber,30,40
3/18/2024,Cucumber,35,45
3/17/2024,Cucumber,35,45
3/16/2024,Cucumber,35,50
3/15/2024,Cucumber,30,40
3/14/2024,Cucumber,25,45
3/13/2024,Cucumber,25,45
3/12/2024,Cucumber,40,50
3/11/2024,Cucumber,40,50
3/10/2024,Cucumber,35,45
3/9/2024,Cucumber,40,50
3/8/2024,Cucumber,35,45
3/7/2024,Cucumber,40,50
3/6/2024,Cucumber,40,60
3/5/2024,Cucumber,40,60
3/4/2024,Cucumber,50,60
3/3/2024,Cucumber,45,60
3/2/2024,Cucumber,50,65
3/1/2024,Cucumber,45,55
2/29/2024,Cucumber,50,60
2/28/2024,Cucumber,50,60
2/27/2024,Cucumber,,
2/26/2024,Cucumber,60,70
2/25/2024,Cucumber,65,75
2/24/2024,Cucumber,60,80
2/23/2024,Cucumber,,
2/22/2024,Cucumber,60,70
2/21/2024,Cucumber,70,80
2/20/2024,Cucumber,70,80
2/19/2024,Cucumber,65,75
2/18/2024,Cucumber,60,70
2/17/2024,Cucumber,60,80
2/16/2024,Cucumber,60,80
2/15/2024,Cucumber,55,70
2/14/2024,Cucumber,60,80
2/13/2024,Cucumber,50,70
2/12/2024,Cucumber,65,80
2/11/2024,Cucumber,55,70
2/10/2024,Cucumber,50,70
2/9/2024,Cucumber,40,60
2/8/2024,Cucumber,60,70
2/7/2024,Cucumber,60,80
2/6/2024,Cucumber,55,70
2/5/2024,Cucumber,50,60
2/4/2024,Cucumber,60,70
2/3/2024,Cucumber,60,80
2/2/2024,Cucumber,50,65
2/1/2024,Cucumber,60,80
1/31/2024,Cucumber,50,60
1/30/2024,Cucumber,65,75
1/29/2024,Cucumber,70,90
1/28/2024,Cucumber,60,80
1/27/2024,Cucumber,50,70
1/26/2024,Cucumber,45,60
1/25/2024,Cucumber,,
1/24/2024,Cucumber,60,80
1/23/2024,Cucumber,60,70
1/22/2024,Cucumber,60,80
1/21/2024,Cucumber,60,80
1/20/2024,Cucumber,70,80
1/19/2024,Cucumber,70,80
1/18/2024,Cucumber,70,90
1/17/2024,Cucumber,65,80
1/16/2024,Cucumber,60,80
1/15/2024,Cucumber,75,90
1/14/2024,Cucumber,70,85
1/13/2024,Cucumber,70,90
1/12/2024,Cucumber,65,80
1/11/2024,Cucumber,50,60
1/10/2024,Cucumber,40,60
1/9/2024,Cucumber,50,80
1/8/2024,Cucumber,80,100
1/7/2024,Cucumber,70,80
1/6/2024,Cucumber,70,100
1/5/2024,Cucumber,60,70
1/4/2024,Cucumber,60,80
1/3/2024,Cucumber,60,80
1/2/2024,Cucumber,60,80
1/1/2024,Cucumber,50,70
3/31/2026,Tomato,50,60
3/30/2026,Tomato,70,80
3/29/2026,Tomato,50,60
3/28/2026,Tomato,45,60
3/27/2026,Tomato,40,50
3/26/2026,Tomato,30,50
3/25/2026,Tomato,35,40
3/24/2026,Tomato,30,60
3/23/2026,Tomato,40,50
3/22/2026,Tomato,50,60
3/21/2026,Tomato,50,60
3/20/2026,Tomato,60,70
3/19/2026,Tomato,45,50
3/18/2026,Tomato,70,90
3/17/2026,Tomato,50,70
3/16/2026,Tomato,50,80
3/15/2026,Tomato,55,80
3/14/2026,Tomato,45,80
3/13/2026,Tomato,50,60
3/12/2026,Tomato,40,50
3/11/2026,Tomato,100,120
3/10/2026,Tomato,100,120
3/9/2026,Tomato,100,120
3/8/2026,Tomato,90,100
3/7/2026,Tomato,80,100
3/6/2026,Tomato,70,80
3/5/2026,Tomato,70,80
3/4/2026,Tomato,50,70
3/3/2026,Tomato,60,90
3/2/2026,Tomato,70,80
3/1/2026,Tomato,80,100
2/28/2026,Tomato,70,100
2/27/2026,Tomato,80,100
2/26/2026,Tomato,80,100
2/25/2026,Tomato,100,120
2/24/2026,Tomato,100,120
2/23/2026,Tomato,120,130
2/22/2026,Tomato,120,130
2/21/2026,Tomato,90,120
2/20/2026,Tomato,100,120
2/19/2026,Tomato,100,120
2/18/2026,Tomato,100,140
2/17/2026,Tomato,90,120
2/16/2026,Tomato,100,120
2/15/2026,Tomato,150,160
2/14/2026,Tomato,100,130
2/13/2026,Tomato,90,100
2/12/2026,Tomato,100,110
2/11/2026,Tomato,80,100
2/10/2026,Tomato,100,110
2/9/2026,Tomato,100,120
2/8/2026,Tomato,100,130
2/7/2026,Tomato,100,120
2/6/2026,Tomato,80,100
2/5/2026,Tomato,100,150
2/4/2026,Tomato,100,120
2/3/2026,Tomato,80,120
2/2/2026,Tomato,130,160
2/1/2026,Tomato,,
1/31/2026,Tomato,,
1/30/2026,Tomato,180,220
1/29/2026,Tomato,250,300
1/28/2026,Tomato,400,450
1/27/2026,Tomato,400,450
1/26/2026,Tomato,380,400
1/25/2026,Tomato,410,420
1/24/2026,Tomato,340,350
1/23/2026,Tomato,380,400
1/22/2026,Tomato,300,320
1/21/2026,Tomato,300,320
1/20/2026,Tomato,300,350
1/19/2026,Tomato,330,350
1/18/2026,Tomato,300,350
1/17/2026,Tomato,300,400
1/16/2026,Tomato,350,400
1/15/2026,Tomato,300,420
1/14/2026,Tomato,350,380
1/13/2026,Tomato,400,500
1/12/2026,Tomato,450,500
1/11/2026,Tomato,400,450
1/10/2026,Tomato,450,520
1/9/2026,Tomato,480,500
1/8/2026,Tomato,450,500
1/7/2026,Tomato,400,500
1/6/2026,Tomato,400,450
1/5/2026,Tomato,350,400
1/4/2026,Tomato,350,400
1/3/2026,Tomato,,
1/2/2026,Tomato,280,350
1/1/2026,Tomato,300,350
12/31/2025,Tomato,320,380
12/30/2025,Tomato,320,370
12/29/2025,Tomato,350,400
12/28/2025,Tomato,400,450
12/27/2025,Tomato,420,500
12/26/2025,Tomato,450,550
12/25/2025,Tomato,400,450
12/24/2025,Tomato,500,550
12/23/2025,Tomato,520,550
12/22/2025,Tomato,540,550
12/21/2025,Tomato,300,500
12/20/2025,Tomato,480,550
12/19/2025,Tomato,450,500
12/18/2025,Tomato,350,450
12/17/2025,Tomato,450,500
12/16/2025,Tomato,350,420
12/15/2025,Tomato,,
12/14/2025,Tomato,350,380
12/13/2025,Tomato,300,350
12/12/2025,Tomato,220,2350
12/11/2025,Tomato,200,250
12/10/2025,Tomato,200,250
12/9/2025,Tomato,160,200
12/8/2025,Tomato,180,220
12/7/2025,Tomato,200,250
12/6/2025,Tomato,240,250
12/5/2025,Tomato,180,200
12/4/2025,Tomato,,
12/3/2025,Tomato,200,300
12/2/2025,Tomato,300,350
12/1/2025,Tomato,500,600
11/30/2025,Tomato,380,400
11/29/2025,Tomato,290,300
11/28/2025,Tomato,200,250
11/27/2025,Tomato,200,250
11/26/2025,Tomato,190,200
11/25/2025,Tomato,130,160
11/24/2025,Tomato,120,150
11/23/2025,Tomato,100,140
11/22/2025,Tomato,90,100
11/21/2025,Tomato,100,130
11/20/2025,Tomato,80,100
11/19/2025,Tomato,120,130
11/18/2025,Tomato,100,120
11/17/2025,Tomato,90,110
11/16/2025,Tomato,,
11/15/2025,Tomato,50,60
11/14/2025,Tomato,70,90
11/13/2025,Tomato,70,80
11/12/2025,Tomato,60,80
11/11/2025,Tomato,70,80
11/10/2025,Tomato,65,80
11/9/2025,Tomato,60,80
11/8/2025,Tomato,45,50
11/7/2025,Tomato,45,50
11/6/2025,Tomato,70,80
11/5/2025,Tomato,70,80
11/4/2025,Tomato,65,70
11/3/2025,Tomato,90,100
11/2/2025,Tomato,,
11/1/2025,Tomato,,
10/31/2025,Tomato,,
10/30/2025,Tomato,,
10/29/2025,Tomato,100,110
10/28/2025,Tomato,50,90
10/27/2025,Tomato,100,120
10/26/2025,Tomato,70,120
10/25/2025,Tomato,80,130
10/24/2025,Tomato,110,120
10/23/2025,Tomato,80,120
10/22/2025,Tomato,100,150
10/21/2025,Tomato,130,180
10/20/2025,Tomato,100,110
10/19/2025,Tomato,100,130
10/18/2025,Tomato,100,120
10/17/2025,Tomato,100,120
10/16/2025,Tomato,60,100
10/15/2025,Tomato,90,100
10/14/2025,Tomato,100,120
10/13/2025,Tomato,100,130
10/12/2025,Tomato,120,130
10/11/2025,Tomato,90,100
10/10/2025,Tomato,80,110
10/9/2025,Tomato,90,120
10/8/2025,Tomato,100,110
10/7/2025,Tomato,80,100
10/6/2025,Tomato,,
10/5/2025,Tomato,100,110
10/4/2025,Tomato,100,130
10/3/2025,Tomato,100,120
10/2/2025,Tomato,100,130
10/1/2025,Tomato,100,110
9/30/2025,Tomato,100,120
9/29/2025,Tomato,100,110
9/28/2025,Tomato,100,130
9/27/2025,Tomato,120,130
9/26/2025,Tomato,100,120
9/25/2025,Tomato,100,130
9/24/2025,Tomato,100,110
9/23/2025,Tomato,100,130
9/22/2025,Tomato,100,110
9/21/2025,Tomato,100,110
9/20/2025,Tomato,80,100
9/19/2025,Tomato,80,120
9/18/2025,Tomato,90,100
9/17/2025,Tomato,80,130
9/16/2025,Tomato,130,150
9/15/2025,Tomato,150,170
9/14/2025,Tomato,120,160
9/13/2025,Tomato,120,130
9/12/2025,Tomato,80,100
9/11/2025,Tomato,50,70
9/10/2025,Tomato,50,70
9/9/2025,Tomato,50,70
9/8/2025,Tomato,50,60
9/7/2025,Tomato,40,50
9/6/2025,Tomato,45,50
9/5/2025,Tomato,60,70
9/4/2025,Tomato,50,70
9/3/2025,Tomato,50,70
9/2/2025,Tomato,50,80
9/1/2025,Tomato,70,100
8/31/2025,Tomato,80,90
8/30/2025,Tomato,80,110
8/29/2025,Tomato,130,150
8/28/2025,Tomato,140,150
8/27/2025,Tomato,120,170
8/26/2025,Tomato,140,180
8/25/2025,Tomato,140,150
8/24/2025,Tomato,100,120
8/23/2025,Tomato,80,100
8/22/2025,Tomato,80,100
8/21/2025,Tomato,80,100
8/20/2025,Tomato,70,80
8/19/2025,Tomato,70,90
8/18/2025,Tomato,90,100
8/17/2025,Tomato,80,90
8/16/2025,Tomato,75,80
8/15/2025,Tomato,60,90
8/14/2025,Tomato,60,100
8/13/2025,Tomato,60,70
8/12/2025,Tomato,40,65
8/11/2025,Tomato,50,70
8/10/2025,Tomato,70,80
8/9/2025,Tomato,50,60
8/8/2025,Tomato,50,60
8/7/2025,Tomato,50,60
8/6/2025,Tomato,60,80
8/5/2025,Tomato,70,80
8/4/2025,Tomato,80,100
8/3/2025,Tomato,75,85
8/2/2025,Tomato,80,100
8/1/2025,Tomato,100,110
7/31/2025,Tomato,70,80
7/30/2025,Tomato,80,100
7/29/2025,Tomato,80,100
7/28/2025,Tomato,100,110
7/27/2025,Tomato,90,110
7/26/2025,Tomato,70,80
7/25/2025,Tomato,80,100
7/24/2025,Tomato,80,100
7/23/2025,Tomato,80,110
7/22/2025,Tomato,90,100
7/21/2025,Tomato,85,90
7/20/2025,Tomato,80,90
7/19/2025,Tomato,45,50
7/18/2025,Tomato,70,90
7/17/2025,Tomato,50,55
7/16/2025,Tomato,50,55
7/15/2025,Tomato,40,50
7/14/2025,Tomato,45,50
7/13/2025,Tomato,50,60
7/12/2025,Tomato,50,60
7/11/2025,Tomato,50,60
7/10/2025,Tomato,50,60
7/9/2025,Tomato,50,60
7/8/2025,Tomato,50,60
7/7/2025,Tomato,50,60
7/6/2025,Tomato,50,70
7/5/2025,Tomato,70,80
7/4/2025,Tomato,70,80
7/3/2025,Tomato,80,100
7/2/2025,Tomato,60,100
7/1/2025,Tomato,70,100
6/30/2025,Tomato,120,130
6/29/2025,Tomato,120,150
6/28/2025,Tomato,100,130
6/27/2025,Tomato,130,150
6/26/2025,Tomato,130,140
6/25/2025,Tomato,170,180
6/24/2025,Tomato,200,220
6/23/2025,Tomato,250,260
6/22/2025,Tomato,200,220
6/21/2025,Tomato,200,220
6/20/2025,Tomato,240,250
6/19/2025,Tomato,240,250
6/18/2025,Tomato,220,230
6/17/2025,Tomato,200,240
6/16/2025,Tomato,200,230
6/15/2025,Tomato,250,300
6/14/2025,Tomato,250,280
6/13/2025,Tomato,180,200
6/12/2025,Tomato,250,300
6/11/2025,Tomato,250,300
6/10/2025,Tomato,300,320
6/9/2025,Tomato,300,320
6/8/2025,Tomato,350,450
6/7/2025,Tomato,480,500
6/6/2025,Tomato,490,500
6/5/2025,Tomato,450,500
6/4/2025,Tomato,350,420
6/3/2025,Tomato,450,480
6/2/2025,Tomato,400,450
6/1/2025,Tomato,400,420
5/31/2025,Tomato,430,450
5/30/2025,Tomato,450,500
5/29/2025,Tomato,480,500
5/28/2025,Tomato,390,400
5/27/2025,Tomato,400,450
5/26/2025,Tomato,450,550
5/25/2025,Tomato,450,500
5/24/2025,Tomato,420,450
5/23/2025,Tomato,450,500
5/22/2025,Tomato,400,500
5/21/2025,Tomato,500,550
5/20/2025,Tomato,500,550
5/19/2025,Tomato,550,600
5/18/2025,Tomato,590,600
5/17/2025,Tomato,770,780
5/16/2025,Tomato,450,500
5/15/2025,Tomato,500,550
5/14/2025,Tomato,500,580
5/13/2025,Tomato,550,600
5/12/2025,Tomato,500,600
5/11/2025,Tomato,600,700
5/10/2025,Tomato,650,700
5/9/2025,Tomato,700,750
5/8/2025,Tomato,740,750
5/7/2025,Tomato,600,700
5/6/2025,Tomato,600,700
5/5/2025,Tomato,650,700
5/4/2025,Tomato,600,700
5/3/2025,Tomato,700,800
5/2/2025,Tomato,650,700
5/1/2025,Tomato,600,700
4/30/2025,Tomato,,
4/29/2025,Tomato,550,600
4/28/2025,Tomato,500,550
4/27/2025,Tomato,500,550
4/26/2025,Tomato,500,550
4/25/2025,Tomato,500,530
4/24/2025,Tomato,480,500
4/23/2025,Tomato,450,500
4/22/2025,Tomato,450,520
4/21/2025,Tomato,450,500
4/20/2025,Tomato,400,450
4/19/2025,Tomato,350,380
4/18/2025,Tomato,250,300
4/17/2025,Tomato,150,200
4/16/2025,Tomato,200,300
4/15/2025,Tomato,,
4/14/2025,Tomato,,
4/13/2025,Tomato,,
4/12/2025,Tomato,400,500
4/11/2025,Tomato,500,600
4/10/2025,Tomato,500,550
4/9/2025,Tomato,400,550
4/8/2025,Tomato,330,380
4/7/2025,Tomato,250,280
4/6/2025,Tomato,260,300
4/5/2025,Tomato,230,250
4/4/2025,Tomato,220,250
4/3/2025,Tomato,200,220
4/2/2025,Tomato,200,230
4/1/2025,Tomato,200,230
3/31/2025,Tomato,220,250
3/30/2025,Tomato,230,270
3/29/2025,Tomato,180,220
3/28/2025,Tomato,170,200
3/27/2025,Tomato,150,190
3/26/2025,Tomato,130,150
3/25/2025,Tomato,130,150
3/24/2025,Tomato,150,200
3/23/2025,Tomato,140,160
3/22/2025,Tomato,150,180
3/21/2025,Tomato,150,180
3/20/2025,Tomato,240,260
3/19/2025,Tomato,170,200
3/18/2025,Tomato,200,230
3/17/2025,Tomato,180,250
3/16/2025,Tomato,250,280
3/15/2025,Tomato,230,270
3/14/2025,Tomato,220,260
3/13/2025,Tomato,,
3/12/2025,Tomato,160,200
3/11/2025,Tomato,130,160
3/10/2025,Tomato,140,170
3/9/2025,Tomato,150,170
3/8/2025,Tomato,120,140
3/7/2025,Tomato,110,130
3/6/2025,Tomato,90,120
3/5/2025,Tomato,160,180
3/4/2025,Tomato,150,180
3/3/2025,Tomato,150,200
3/2/2025,Tomato,180,200
3/1/2025,Tomato,90,120
2/28/2025,Tomato,100,120
2/27/2025,Tomato,90,110
2/26/2025,Tomato,90,110
2/25/2025,Tomato,80,100
2/24/2025,Tomato,80,110
2/23/2025,Tomato,80,120
2/22/2025,Tomato,80,120
2/21/2025,Tomato,80,100
2/20/2025,Tomato,60,100
2/19/2025,Tomato,70,100
2/18/2025,Tomato,80,120
2/17/2025,Tomato,90,120
2/16/2025,Tomato,100,130
2/15/2025,Tomato,100,120
2/14/2025,Tomato,80,110
2/13/2025,Tomato,110,130
2/12/2025,Tomato,,
2/11/2025,Tomato,100,120
2/10/2025,Tomato,100,120
2/9/2025,Tomato,100,120
2/8/2025,Tomato,110,130
2/7/2025,Tomato,100,130
2/6/2025,Tomato,100,120
2/5/2025,Tomato,120,140
2/4/2025,Tomato,130,150
2/3/2025,Tomato,130,150
2/2/2025,Tomato,130,150
2/1/2025,Tomato,130,140
1/31/2025,Tomato,120,140
1/30/2025,Tomato,110,130
1/29/2025,Tomato,120,150
1/28/2025,Tomato,130,150
1/27/2025,Tomato,170,200
1/26/2025,Tomato,200,220
1/25/2025,Tomato,200,220
1/24/2025,Tomato,180,220
1/23/2025,Tomato,250,280
1/22/2025,Tomato,230,260
1/21/2025,Tomato,200,230
1/20/2025,Tomato,220,240
1/19/2025,Tomato,240,250
1/18/2025,Tomato,230,260
1/17/2025,Tomato,220,250
1/16/2025,Tomato,180,210
1/15/2025,Tomato,200,230
1/14/2025,Tomato,180,230
1/13/2025,Tomato,,
1/12/2025,Tomato,180,220
1/11/2025,Tomato,180,200
1/10/2025,Tomato,160,200
1/9/2025,Tomato,200,250
1/8/2025,Tomato,200,230
1/7/2025,Tomato,260,300
1/6/2025,Tomato,260,320
1/5/2025,Tomato,280,320
1/4/2025,Tomato,230,250
1/3/2025,Tomato,200,350
1/2/2025,Tomato,270,330
1/1/2025,Tomato,200,250
12/31/2024,Tomato,240,270
12/30/2024,Tomato,220,280
12/29/2024,Tomato,230,260
12/28/2024,Tomato,250,300
12/27/2024,Tomato,200,230
12/26/2024,Tomato,180,250
12/25/2024,Tomato,300,350
12/24/2024,Tomato,250,300
12/23/2024,Tomato,300,350
12/22/2024,Tomato,300,360
12/21/2024,Tomato,400,430
12/20/2024,Tomato,400,450
12/19/2024,Tomato,400,480
12/18/2024,Tomato,400,450
12/17/2024,Tomato,350,400
12/16/2024,Tomato,300,350
12/15/2024,Tomato,280,320
12/14/2024,Tomato,,
12/13/2024,Tomato,200,230
12/12/2024,Tomato,180,220
12/11/2024,Tomato,160,200
12/10/2024,Tomato,170,200
12/9/2024,Tomato,180,220
12/8/2024,Tomato,150,200
12/7/2024,Tomato,180,220
12/6/2024,Tomato,180,230
12/5/2024,Tomato,180,220
12/4/2024,Tomato,150,200
12/3/2024,Tomato,180,220
12/2/2024,Tomato,200,240
12/1/2024,Tomato,330,360
11/30/2024,Tomato,280,330
11/29/2024,Tomato,240,320
11/28/2024,Tomato,240,280
11/27/2024,Tomato,200,250
11/26/2024,Tomato,200,240
11/25/2024,Tomato,180,220
11/24/2024,Tomato,180,200
11/23/2024,Tomato,170,200
11/22/2024,Tomato,160,190
11/21/2024,Tomato,160,200
11/20/2024,Tomato,160,200
11/19/2024,Tomato,150,180
11/18/2024,Tomato,150,180
11/17/2024,Tomato,130,160
11/16/2024,Tomato,200,230
11/15/2024,Tomato,-,-
11/14/2024,Tomato,-,-
11/13/2024,Tomato,190,220
11/12/2024,Tomato,180,230
11/11/2024,Tomato,200,230
11/10/2024,Tomato,180,220
11/9/2024,Tomato,140,160
11/8/2024,Tomato,150,180
11/7/2024,Tomato,220,250
11/6/2024,Tomato,180,210
11/5/2024,Tomato,180,220
11/4/2024,Tomato,140,160
11/3/2024,Tomato,120,140
11/2/2024,Tomato,120,140
11/1/2024,Tomato,120,140
10/31/2024,Tomato,-,-
10/30/2024,Tomato,-,-
10/29/2024,Tomato,150,180
10/28/2024,Tomato,150,180
10/27/2024,Tomato,150,200
10/26/2024,Tomato,130,160
10/25/2024,Tomato,170,200
10/24/2024,Tomato,180,220
10/23/2024,Tomato,160,200
10/22/2024,Tomato,200,240
10/21/2024,Tomato,200,220
10/20/2024,Tomato,180,200
10/19/2024,Tomato,180,210
10/18/2024,Tomato,190,210
10/17/2024,Tomato,-,-
10/16/2024,Tomato,180,220
10/15/2024,Tomato,180,220
10/14/2024,Tomato,160,200
10/13/2024,Tomato,160,200
10/12/2024,Tomato,170,200
10/11/2024,Tomato,180,200
10/10/2024,Tomato,150,180
10/9/2024,Tomato,170,200
10/8/2024,Tomato,150,200
10/7/2024,Tomato,200,220
10/6/2024,Tomato,180,220
10/5/2024,Tomato,200,240
10/4/2024,Tomato,160,200
10/3/2024,Tomato,170,220
10/2/2024,Tomato,180,230
10/1/2024,Tomato,180,220
9/30/2024,Tomato,180,210
9/29/2024,Tomato,180,200
9/28/2024,Tomato,150,180
9/27/2024,Tomato,170,220
9/26/2024,Tomato,100,130
9/25/2024,Tomato,90,110
9/24/2024,Tomato,100,130
9/23/2024,Tomato,130,150
9/22/2024,Tomato,,
9/21/2024,Tomato,,
9/20/2024,Tomato,100,120
9/19/2024,Tomato,110,120
9/18/2024,Tomato,130,140
9/17/2024,Tomato,,
9/16/2024,Tomato,100,120
9/15/2024,Tomato,120,130
9/14/2024,Tomato,120,130
9/13/2024,Tomato,100,120
9/12/2024,Tomato,90,120
9/11/2024,Tomato,120,130
9/10/2024,Tomato,120,140
9/9/2024,Tomato,100,130
9/8/2024,Tomato,100,130
9/7/2024,Tomato,80,110
9/6/2024,Tomato,80,100
9/5/2024,Tomato,80,100
9/4/2024,Tomato,80,100
9/3/2024,Tomato,80,100
9/2/2024,Tomato,70,80
9/1/2024,Tomato,80,100
8/31/2024,Tomato,80,120
8/30/2024,Tomato,120,130
8/29/2024,Tomato,120,130
8/28/2024,Tomato,130,150
8/27/2024,Tomato,130,150
8/26/2024,Tomato,140,180
8/25/2024,Tomato,130,160
8/24/2024,Tomato,150,170
8/23/2024,Tomato,130,150
8/22/2024,Tomato,120,140
8/21/2024,Tomato,120,140
8/20/2024,Tomato,120,140
8/19/2024,Tomato,,
8/18/2024,Tomato,110,150
8/17/2024,Tomato,130,150
8/16/2024,Tomato,120,150
8/15/2024,Tomato,130,150
8/14/2024,Tomato,120,150
8/13/2024,Tomato,120,150
8/12/2024,Tomato,150,180
8/11/2024,Tomato,140,160
8/10/2024,Tomato,160,180
8/9/2024,Tomato,120,150
8/8/2024,Tomato,120,150
8/7/2024,Tomato,140,160
8/6/2024,Tomato,150,180
8/5/2024,Tomato,140,170
8/4/2024,Tomato,140,160
8/3/2024,Tomato,150,180
8/2/2024,Tomato,90,130
8/1/2024,Tomato,120,150
7/31/2024,Tomato,100,150
7/30/2024,Tomato,150,170
7/29/2024,Tomato,160,200
7/28/2024,Tomato,140,180
7/27/2024,Tomato,160,180
7/26/2024,Tomato,180,200
7/25/2024,Tomato,180,230
7/24/2024,Tomato,200,250
7/23/2024,Tomato,250,280
7/22/2024,Tomato,250,300
7/21/2024,Tomato,250,280
7/20/2024,Tomato,,
7/19/2024,Tomato,250,300
7/18/2024,Tomato,260,300
7/17/2024,Tomato,280,330
7/16/2024,Tomato,270,330
7/15/2024,Tomato,270,300
7/14/2024,Tomato,230,260
7/13/2024,Tomato,220,250
7/12/2024,Tomato,180,200
7/11/2024,Tomato,160,200
7/10/2024,Tomato,150,200
7/9/2024,Tomato,150,200
7/8/2024,Tomato,160,220
7/7/2024,Tomato,200,230
7/6/2024,Tomato,180,220
7/5/2024,Tomato,200,220
7/4/2024,Tomato,220,250
7/3/2024,Tomato,210,250
7/2/2024,Tomato,300,350
7/1/2024,Tomato,450,500
6/30/2024,Tomato,400,450
6/29/2024,Tomato,400,500
6/28/2024,Tomato,450,500
6/27/2024,Tomato,450,500
6/26/2024,Tomato,500,580
6/25/2024,Tomato,500,580
6/24/2024,Tomato,380,420
6/23/2024,Tomato,550,650
6/22/2024,Tomato,500,580
6/21/2024,Tomato,,
6/20/2024,Tomato,500,550
6/19/2024,Tomato,480,550
6/18/2024,Tomato,440,500
6/17/2024,Tomato,500,550
6/16/2024,Tomato,500,550
6/15/2024,Tomato,350,380
6/14/2024,Tomato,380,400
6/13/2024,Tomato,340,400
6/12/2024,Tomato,330,380
6/11/2024,Tomato,280,320
6/10/2024,Tomato,280,320
6/9/2024,Tomato,250,300
6/8/2024,Tomato,280,330
6/7/2024,Tomato,180,250
6/6/2024,Tomato,150,170
6/5/2024,Tomato,150,170
6/4/2024,Tomato,120,140
6/3/2024,Tomato,110,130
6/2/2024,Tomato,120,140
6/1/2024,Tomato,130,160
5/31/2024,Tomato,120,130
5/30/2024,Tomato,90,120
5/29/2024,Tomato,80,100
5/28/2024,Tomato,80,100
5/27/2024,Tomato,80,100
5/26/2024,Tomato,70,90
5/25/2024,Tomato,70,80
5/24/2024,Tomato,,
5/23/2024,Tomato,,
5/22/2024,Tomato,50,70
5/21/2024,Tomato,100,120
5/20/2024,Tomato,120,150
5/19/2024,Tomato,110,150
5/18/2024,Tomato,100,120
5/17/2024,Tomato,80,100
5/16/2024,Tomato,80,100
5/15/2024,Tomato,70,80
5/14/2024,Tomato,60,80
5/13/2024,Tomato,60,80
5/12/2024,Tomato,60,80
5/11/2024,Tomato,50,65
5/10/2024,Tomato,50,70
5/9/2024,Tomato,40,55
5/8/2024,Tomato,35,45
5/7/2024,Tomato,40,70
5/6/2024,Tomato,50,60
5/5/2024,Tomato,60,80
5/4/2024,Tomato,70,80
5/3/2024,Tomato,50,60
5/2/2024,Tomato,,
5/1/2024,Tomato,40,50
4/30/2024,Tomato,35,50
4/29/2024,Tomato,35,50
4/28/2024,Tomato,30,40
4/27/2024,Tomato,25,35
4/26/2024,Tomato,30,45
4/25/2024,Tomato,40,50
4/24/2024,Tomato,40,50
4/23/2024,Tomato,,
4/22/2024,Tomato,25,40
4/21/2024,Tomato,20,40
4/20/2024,Tomato,50,60
4/19/2024,Tomato,50,70
4/18/2024,Tomato,35,60
4/17/2024,Tomato,20,30
4/16/2024,Tomato,30,40
4/15/2024,Tomato,,
4/14/2024,Tomato,,
4/13/2024,Tomato,,
4/12/2024,Tomato,,
4/11/2024,Tomato,80,100
4/10/2024,Tomato,100,140
4/9/2024,Tomato,150,200
4/8/2024,Tomato,120,150
4/7/2024,Tomato,120,130
4/6/2024,Tomato,100,130
4/5/2024,Tomato,60,80
4/4/2024,Tomato,50,65
4/3/2024,Tomato,60,70
4/2/2024,Tomato,60,70
4/1/2024,Tomato,70,90
3/31/2024,Tomato,70,90
3/30/2024,Tomato,80,90
3/29/2024,Tomato,80,100
3/28/2024,Tomato,100,140
3/27/2024,Tomato,90,110
3/26/2024,Tomato,80,110
3/25/2024,Tomato,80,100
3/24/2024,Tomato,,
3/23/2024,Tomato,100,110
3/22/2024,Tomato,120,140
3/21/2024,Tomato,100,110
3/20/2024,Tomato,100,140
3/19/2024,Tomato,100,130
3/18/2024,Tomato,140,150
3/17/2024,Tomato,160,200
3/16/2024,Tomato,160,200
3/15/2024,Tomato,180,200
3/14/2024,Tomato,240,280
3/13/2024,Tomato,260,320
3/12/2024,Tomato,260,310
3/11/2024,Tomato,250,300
3/10/2024,Tomato,250,300
3/9/2024,Tomato,250,300
3/8/2024,Tomato,250,300
3/7/2024,Tomato,250,300
3/6/2024,Tomato,240,280
3/5/2024,Tomato,250,300
3/4/2024,Tomato,220,280
3/3/2024,Tomato,300,350
3/2/2024,Tomato,300,350
3/1/2024,Tomato,300,350
2/29/2024,Tomato,350,400
2/28/2024,Tomato,400,450
2/27/2024,Tomato,,
2/26/2024,Tomato,400,450
2/25/2024,Tomato,420,450
2/24/2024,Tomato,350,450
2/23/2024,Tomato,,
2/22/2024,Tomato,600,700
2/21/2024,Tomato,500,600
2/20/2024,Tomato,700,750
2/19/2024,Tomato,700,750
2/18/2024,Tomato,700,750
2/17/2024,Tomato,700,750
2/16/2024,Tomato,600,700
2/15/2024,Tomato,650,700
2/14/2024,Tomato,650,700
2/13/2024,Tomato,600,650
2/12/2024,Tomato,600,650
2/11/2024,Tomato,500,580
2/10/2024,Tomato,500,600
2/9/2024,Tomato,500,600
2/8/2024,Tomato,550,600
2/7/2024,Tomato,580,620
2/6/2024,Tomato,550,600
2/5/2024,Tomato,600,650
2/4/2024,Tomato,580,650
2/3/2024,Tomato,500,550
2/2/2024,Tomato,500,580
2/1/2024,Tomato,500,520
1/31/2024,Tomato,500,550
1/30/2024,Tomato,550,600
1/29/2024,Tomato,600,650
1/28/2024,Tomato,480,520
1/27/2024,Tomato,480,500
1/26/2024,Tomato,480,520
1/25/2024,Tomato,,
1/24/2024,Tomato,500,550
1/23/2024,Tomato,520,550
1/22/2024,Tomato,450,470
1/21/2024,Tomato,400,470
1/20/2024,Tomato,350,400
1/19/2024,Tomato,350,380
1/18/2024,Tomato,330,380
1/17/2024,Tomato,200,250
1/16/2024,Tomato,220,250
1/15/2024,Tomato,380,450
1/14/2024,Tomato,450,500
1/13/2024,Tomato,380,420
1/12/2024,Tomato,350,420
1/11/2024,Tomato,300,350
1/10/2024,Tomato,250,300
1/9/2024,Tomato,230,250
1/8/2024,Tomato,250,300
1/7/2024,Tomato,250,300
1/6/2024,Tomato,300,330
1/5/2024,Tomato,350,400
1/4/2024,Tomato,450,500
1/3/2024,Tomato,400,500
1/2/2024,Tomato,550,620
1/1/2024,Tomato,600,650
